first_name,last_name,email,parent_name,dob,phone,emergency_phone
Megan,Chang,greenwilliam@yahoo.com,Sandra Faulkner,01-07-2012,001-382-421-9489,(411)578-1565
Cheryl,Durham,qgrimes@gmail.com,Kimberly Smith,27-08-2018,(097)535-1393x3287,158-714-8418
Marvin,Nielsen,sean96@johnston-roberts.com,Amanda Zavala,31-10-2010,112.201.8684x8339,(947)751-5917x95330
Jessica,Wilson,laura56@garcia.com,Kenneth Kent,01-07-2015,+1-101-399-1615x109,3217300869
Craig,Green,lucasmichael@brown.com,Melissa Myers,01-11-2010,(792)302-2584x197,+1-207-698-4564x28071
Matthew,Williams,johnbenton@yahoo.com,Megan Garza,10-03-2017,+1-246-610-9352x337,(960)696-0271x4278
Nicole,Odonnell,simpsonlarry@williams-carson.biz,Zachary Schultz,30-10-2007,001-206-650-3008x9131,+1-344-217-6104x714
Dennis,Meyer,wigginsjoshua@gmail.com,Daniel Green,06-10-2011,(909)776-5823x694,2245551590
Blake,Martin,ralph82@yahoo.com,Nicholas Peck,25-08-2011,(814)654-6118,755.171.7604x5229
Nicholas,Villegas,mortonjames@brown.com,Joseph West,21-09-2014,001-361-534-9263,(110)873-1764x303
Cindy,Garcia,jward@gmail.com,Victoria Hernandez MD,22-12-2017,(875)773-8930x55508,(492)694-7118
Misty,Williams,billysmith@rivera-martin.com,Julia Watson,29-11-2012,809.189.1634x89676,+1-930-024-8945x174
Sherri,Turner,dpatrick@gmail.com,Bethany Mitchell,03-02-2012,762791256,9767017200
Carmen,Anderson,gravesdeborah@gmail.com,Ricardo Henry,07-06-2007,+1-795-194-2641x830,(753)751-0074x0899
Nancy,Hall,sonia26@hotmail.com,Bradley Garcia,24-06-2007,620-766-0754,511-505-5203
Lori,Jones,aaronhopkins@mays.com,Tasha Hall,27-10-2008,(717)542-0355,448.529.1189x4262
Sonya,Brock,joelwhite@yahoo.com,Angel Anderson,04-10-2006,(112)648-6296x4513,580.660.6573x547
Christopher,Lopez,daniel92@griffin.biz,Tyler Peterson,24-04-2015,(571)734-0797,3414892671
Erika,Wolf,bramirez@nelson.com,James Zamora,27-06-2018,(714)543-9101x4485,832-164-4829
Alexandra,Clark,isosa@figueroa-strong.com,Jacob Fuller,29-01-2009,166-972-8457,001-637-785-7074x2709
Jason,Kelly,mathistiffany@hotmail.com,Melissa Harmon,16-10-2017,(050)190-4432x9431,(756)256-6272x85232
Sean,Clarke,yroman@hotmail.com,Craig Bentley,21-05-2016,001-060-312-5023x949,845-670-8869
Shawn,Scott,matthewwilliams@gmail.com,Aaron Pena,18-10-2008,639-683-7359,915-587-5408
Bradley,Wood,jacob34@daniel.biz,Gregory Marquez,02-03-2007,810-777-0677x7111,126.379.1686
Benjamin,White,davidpitts@yahoo.com,Jeffrey Hawkins,08-04-2011,+1-834-789-7844x301,+1-126-334-0886x016
Deanna,Wilson,emilywarner@hotmail.com,Patrick Valenzuela,06-07-2007,453.574.9220x88559,+1-026-228-1237x9332
Lisa,Wolf,cristinalester@gmail.com,Allison Carlson,24-09-2014,403.827.7851x429,(354)603-0535x7345
Emily,Torres,oconnoredward@gmail.com,Antonio Allen Jr.,14-07-2017,105-623-7625x42566,6488709166
George,Mason,riveramary@wright.com,Sara Hoffman,15-08-2018,691-972-9904,600-715-4273x85265
Joseph,Vasquez,collinsrachel@hotmail.com,Andrew Schmidt,20-10-2015,076-165-7004x049,001-438-856-4319x539
Emily,Patel,sabrinalam@yahoo.com,Samantha Richards,13-04-2007,001-255-445-7696,(029)072-5074
Julie,Lopez,stephanie28@gmail.com,Mark Riley,25-12-2014,+1-896-644-4064x4888,536-208-2965x70869
Lauren,Wolf,allison23@gomez.com,Dana Lopez,22-04-2019,(197)378-1327x16644,(595)140-7043x66660
Brandi,Gomez,mark06@mccall-taylor.com,Hannah Smith,27-08-2009,001-187-050-5624x629,(648)022-2708
Bradley,Peters,melvinwillis@gmail.com,Christopher Baker,09-01-2020,544-872-7820x928,5137937825
Roberta,Taylor,hoovermatthew@garcia.com,Gabriella Gray,26-07-2012,+1-125-022-0593x0604,(092)516-0759x9449
Melinda,Chavez,chavezjoseph@brown-davis.com,Christopher Gilbert,11-07-2017,5787710864,8115517028
Connie,Mitchell,bennetteric@dominguez.com,Dana Koch,13-01-2017,076-033-4523x53267,(926)902-9062x200
Madison,Hicks,watersdaniel@hernandez.com,Keith Parks,05-07-2018,258.386.1269,+1-516-637-6363x76914
Whitney,Dyer,munozkimberly@gmail.com,Levi Dillon,21-01-2013,+1-180-260-6661x7972,(576)294-8155
Douglas,Howard,gonzalezsusan@gmail.com,Erika James,11-02-2007,860-646-3522x1952,6967116882
Gary,Clark,foxlori@yoder-hanson.com,Frances Wilson,13-05-2013,001-425-858-2684x36567,466.122.0998x13998
Daniel,Barker,cmiller@wilson.info,Michael Wood,06-04-2018,732-881-8202x869,+1-376-409-2627x90619
Richard,Hall,castillocristian@hotmail.com,Matthew Kennedy Jr.,12-08-2015,(249)271-1769x681,731-425-1202x983
Adrian,Atkins,velazquezanita@yahoo.com,Melissa Allen,16-11-2014,430-758-5114x9635,(234)375-4692x1658
Misty,Perez,ryan56@hotmail.com,Sharon Castillo MD,30-12-2013,(532)573-1667,799.368.4735x80175
Phillip,Dodson,johnstonbilly@gmail.com,Nicholas White,26-06-2009,001-503-006-8021x993,730-896-1823
Jeremy,Perry,grahampatrick@gmail.com,Debra Aguilar,20-05-2018,(572)981-4114x029,001-263-953-6881x81718
Patricia,Harrison,david46@gmail.com,Gabriela Short,20-05-2010,357.607.0867x363,772-374-5792x813
Kevin,Holmes,moorebenjamin@trujillo.com,Corey Myers,19-10-2019,001-583-528-8996x29793,+1-703-795-8300x023
Scott,Craig,atkinskatherine@middleton-walters.com,Gina Jennings,09-03-2009,(857)675-7123x126,835.006.3169x968
Jason,Smith,iparker@jones.com,Luis Ward,01-11-2007,001-039-098-5274x1974,668.539.4102
Leslie,Silva,mosesalison@yahoo.com,Nicholas Johnson,18-10-2013,+1-220-163-0446x154,(938)805-8802x704
Martin,Cooper,wmoses@king.net,Zachary Anderson,31-12-2006,351.832.3639x75245,-8875
Kyle,Mccarthy,milleralexis@gmail.com,Donald Harris,05-11-2015,(716)886-1197x524,640.004.1558
Desiree,Mitchell,jordanbrown@barnes-aguilar.com,Susan Patel,16-01-2014,001-165-280-3760x314,227-058-6183
Vincent,Adams,dterry@gmail.com,Sarah Howard,25-08-2010,(342)284-8023,001-623-829-2384x0730
Robert,James,paulfox@gmail.com,Brady Smith,19-10-2007,3674656412,001-330-081-7372
Carol,Beard,georgemichael@yahoo.com,Victor Shaw,12-02-2018,207-396-5747x274,001-559-669-6849x336
Javier,Robertson,qstark@turner-escobar.net,Nicholas Donaldson,19-03-2014,001-103-914-0329x259,000-924-3675x519
Ryan,Wilson,alexisschmidt@rodgers-harrell.biz,Cody White,09-08-2017,(998)693-0069,2816459305
Teresa,Stewart,mrowland@yahoo.com,Matthew Ellis,01-04-2019,(184)869-7629,(219)127-4164x41588
Laurie,Smith,pamelarussell@blackwell-edwards.com,James Riley,28-03-2010,3600962846,(807)828-2392x1974
Joseph,Lewis,millskimberly@fowler.com,Katie Mays,10-05-2008,052-591-1534x75778,115.766.8786x81326
Maria,Dixon,thomasaustin@cunningham.org,Todd Booth,10-07-2014,(959)785-3806x5580,917.156.9380
April,Rodriguez,bernard52@adams-webb.biz,Matthew Young,17-07-2017,520.782.6497x3079,+1-297-595-6928x663
Miguel,Phillips,sydney89@dunlap-allen.com,Brianna Sanchez,03-05-2019,828-917-7329x593,001-187-346-4835x650
Bradley,Frye,gmiller@barker-barnes.com,Natalie Graves,08-04-2018,(010)524-9874x8675,111.809.8591
Rachel,Young,colonjessica@cabrera.com,Laura Ho,21-10-2016,344.229.3223x47429,312-623-9058x724
Christopher,Cortez,adamthomas@gmail.com,Megan Barnes,18-11-2008,808.532.7573x4315,458.943.4861x2619
Rebekah,Davis,qthomas@herrera.com,William Bennett,13-04-2007,(668)289-2049x789,(373)611-8618x72033
John,George,clayamy@hotmail.com,John Lee,08-02-2008,293.898.9696x47905,(303)738-3023x771
Cassandra,Huff,umurphy@hotmail.com,Elizabeth Lambert,10-11-2016,759-913-2630,428.521.8551x5334
Adrienne,Coleman,cjohnson@gmail.com,Matthew Rose,27-08-2016,529.296.4312x2786,(047)915-1173
Abigail,Johnson,vunderwood@scott.com,Meghan Perkins,16-10-2018,001-827-303-2922x99211,149-794-9601x270
Michael,King,swhitehead@hotmail.com,Ricardo Watkins,09-11-2008,837.504.6988,(598)634-1743
Lauren,Green,richardsonshannon@yahoo.com,Jillian Welch,13-07-2019,896-799-8320x4164,774.862.9742
Heather,Clark,sandovalryan@yahoo.com,Tami Rivera,01-09-2019,(135)772-5666,(911)872-1086x736
Dana,Davis,carolyn44@martinez.com,Gerald Morgan,13-10-2009,597.482.7601,1534818411
Amy,Roberts,samantharodriguez@wallace.info,Ronald Jackson,25-05-2018,001-086-011-4163,637-988-5260x969
Jesus,Reed,wfuller@hotmail.com,Patrick Mckee,09-04-2012,223-750-5794x301,823.695.8207x677
Michael,Gonzalez,henrydavid@ball.net,Douglas Miller,18-10-2006,-7927,015-666-3476
Angela,Burton,rmoore@yahoo.com,Jennifer Calhoun,18-06-2019,001-947-854-6925,6774135360
Colleen,Moore,parsonsgregory@hotmail.com,Matthew White,16-07-2017,662.467.4802x72117,001-444-609-4571x0437
Cynthia,Kelley,bliu@williams.com,Eric Smith,13-01-2017,2927192082,119-131-7611
Thomas,Heath,taylornathan@dixon-miller.net,Monica Tran,05-01-2008,001-658-589-8643x9129,(545)850-0024x3221
Maria,Navarro,tammy20@lowery.com,Mark Shaw,30-10-2014,(453)193-5614,001-685-053-6068x42404
Jennifer,Forbes,ayalajoseph@hotmail.com,Tara Valencia DDS,20-09-2010,(812)739-9916x404,925263983
Robin,Johnson,qliu@watkins-nixon.com,Raymond Smith,05-08-2012,(736)903-9766,(266)734-1290
Kevin,Hinton,ferrelljohn@scott-orr.biz,Nicholas Henry,13-06-2008,954-446-9807x883,(460)068-1400x76858
Thomas,Wallace,lindafischer@hotmail.com,Eric Jones,25-01-2008,(972)757-2747,830-584-6891x42822
Caleb,Morgan,burnschristian@williams.org,Eric Mora,15-05-2014,(051)191-4495x207,(631)647-6762x6363
Joseph,Pacheco,michael75@gmail.com,William Bush,28-01-2020,721.899.7521,+1-524-511-6554x50342
Geoffrey,Grant,christophermills@yahoo.com,Ashley Gray,05-12-2007,(772)201-2169x1419,001-134-628-7452
Deborah,Powell,mallorymiller@meyer.info,Mary Davis,12-03-2015,(470)252-7331x27615,001-315-233-9857x59784
Kim,Smith,james81@gonzales-rodriguez.info,Kelsey Salazar,16-09-2015,001-665-953-5728x0720,802-105-4310
Katherine,Dennis,hdowns@hotmail.com,Isabel Barnes,29-01-2013,001-093-907-0623x1925,001-447-586-7548x47856
Emily,Spears,lewisregina@yahoo.com,Jennifer Stevenson,26-03-2020,+1-227-329-3148x82927,736-210-8011
Nicole,Garza,debbiediaz@bennett.com,Kelly Lawson,26-05-2019,+1-979-412-6132x244,+1-527-581-1600x35635
Sara,Lawrence,olsontrevor@gmail.com,Miguel Cooper,14-04-2009,847-092-2895,+1-716-474-0607x12454
